id,type,x,y,z,qx,qy,qz,qw,comment
1,g,38034.80078125,44300.64453125,0,0,0,0.569134858822542,0.822244192726859,#1
