id,type,x,y,z,qx,qy,qz,qw,comment
3,g,38027.1484375,44302.02734375,0,0,0,0.793064380997577,0.609137823150828,#3
