id,type,x,y,z,qx,qy,qz,qw,comment
5,g,38021.27734375,44299.16796875,0,0,0,0.9617844739637655,0.2738076435058793,#5
