id,type,x,y,z,qx,qy,qz,qw,comment
4,g,38023.78125,44300.76171875,0,0,0,0.873247963535065,0.487276096460582,#4
