id,type,x,y,z,qx,qy,qz,qw,comment
2,g,38030.96484375,44301.9921875,0,0,0,0.698633550074766,0.715479673163347,#2
